{
  "starters": [
    {
      "spec": "Axew",
      "chanceSpecs": [],
      "page": 0,
      "x": 0,
      "y": 0,
      "scale": 1
    },
    {
      "spec": "Bagon",
      "chanceSpecs": [],
      "page": 0,
      "x": 0,
      "y": 2,
      "scale": 1
    },
    {
      "spec": "Gible",
      "chanceSpecs": [],
      "page": 0,
      "x": 0,
      "y": 4,
      "scale": 1
    },
      ],
  "chanceSpecs": [
    {
      "spec": "level:5",
      "rate": 1
    },
    {
      "spec": "ribbon:destiny",
      "rate": 1
    },
    {
      "spec": "shiny",
      "rate": 4096
    }
  ],
  "options": [

  ],
  "pageColors": [
    {
      "page": 0,
      "color": {
        "r": 203,
        "g": 0,
        "b": 11,
        "a": 255
      }
    },
	    }
  ],
  "loop": true,
  "text": [
    "gui.starter.trademark4",
    "gui.starter.trademark5"
  ]
}
