{"stats":{"minecraft:mined":{"pixelmon:mower":2,"pixelmon:sapphire_ore":3,"pixelmon:apricorn_leaves_black":36,"croptopia:orange_crop":2,"pixelmon:relic_crown":1,"minecraft:cobblestone_stairs":1,"pixelmon:galarica_cuff":2,"minecraft:potted_blue_orchid":1,"minecraft:grass_block":74,"minecraft:white_stained_glass":1,"minecraft:spruce_leaves":6,"minecraft:oxeye_daisy":10,"minecraft:sandstone":44,"minecraft:large_fern":1,"pixelmon:berry_leaves_chesto":1,"minecraft:furnace":1,"minecraft:iron_ore":15,"croptopia:peach_crop":1,"minecraft:enchanting_table":2,"croptopia:apple_crop":4,"minecraft:cobblestone_slab":1,"minecraft:spruce_wood":10,"minecraft:stone":1014,"pixelmon:apricorn_leaves_green":36,"pixelmon:pink_day_care":1,"pamhc2crops:windygarden":24,"minecraft:dandelion":1,"croptopia:sweetpotato_crop":1,"pixelmon:berry_leaves_kelpsy":1,"minecraft:crafting_table":6,"minecraft:torch":19,"pixelmon:apricorn_leaves_blue":36,"minecraft:melon":5,"minecraft:dead_bush":1,"pixelmon:incense_rose":1,"minecraft:tall_grass":38,"minecraft:cobblestone":2,"pamhc2crops:shadedgarden":2,"minecraft:sugar_cane":1,"minecraft:iron_door":1,"minecraft:diorite":2,"minecraft:wall_torch":5,"minecraft:spruce_stairs":1,"pixelmon:washing_machine":1,"pixelmon:temple_brick_slab":1,"minecraft:light_gray_stained_glass":1,"minecraft:wheat":3,"minecraft:magenta_bed":1,"pixelmon:magenta_day_care":1,"minecraft:grass":370,"pamhc2crops:soggygarden":1,"pixelmon:apricorn_leaves_red":13,"minecraft:coal_ore":226,"minecraft:oak_log":60,"pixelmon:apricorn_leaves_yellow":18,"pamhc2crops:frostgarden":1,"pixelmon:apricorn_log":33,"minecraft:gravel":64,"minecraft:dirt":7,"minecraft:sand":7,"minecraft:oak_leaves":455,"pixelmon:apricorn_leaves_pink":54},"minecraft:picked_up":{"pamhc2crops:wintersquashitem":3,"minecraft:crafting_table":6,"pamhc2crops:elderberryitem":1,"pamhc2crops:cucumberitem":1,"pamhc2foodcore:baconcheeseburgeritem":11,"pamhc2crops:oatsitem":1,"pixelmon:ice_heal":4,"pamhc2crops:parsnipitem":1,"minecraft:brick":4,"minecraft:shield":1,"minecraft:string":2,"minecraft:globe_banner_pattern":1,"pixelmon:dynamax_candy":1,"pixelmon:x_attack":1,"pixelmon:ground_memory":1,"pixelmon:dragon_gem":1,"pixelmon:pixelmon_sprite":4,"minecraft:cobblestone_slab":2,"pamhc2crops:tomatoitem":1,"croptopia:blueberry":1,"pixelmon:iapapa_berry":1,"minecraft:melon_slice":58,"minecraft:sugar_cane":2,"minecraft:furnace":2,"pixelmon:pink_day_care":2,"pixelmon:green_apricorn":35,"pixelmon:washing_machine":1,"pixelmon:black_apricorn":30,"minecraft:stick":68,"minecraft:sandstone":44,"pixelmon:s_exp_candy":4,"pixelmon:grassium_z":1,"minecraft:torch":25,"minecraft:spruce_stairs":1,"pixelmon:galarica_cuff":4,"pamhc2crops:spinachitem":1,"minecraft:porkchop":6,"pixelmon:poison_barb":1,"pixelmon:apricorn_log":36,"pixelmon:yellow_berry_wood_planks":3,"minecraft:diorite":2,"pamhc2crops:sweetpotatoitem":1,"minecraft:brown_carpet":1,"pixelmon:covered_fossil_4":1,"artifacts:everlasting_beef":2,"pixelmon:blue_poke_bag":2,"pixelmon:silver_ore":2,"minecraft:rotten_flesh":2,"pixelmon:pink_apricorn":36,"pixelmon:pixie_plate":1,"pixelmon:lure_casing_weak":3,"pixelmon:relic_crown":2,"minecraft:gold_ingot":5,"pamhc2crops:lettuceitem":1,"pixelmon:magenta_poke_bag":6,"pamhc2crops:artichokeitem":2,"pixelmon:red_apricorn":11,"pixelmon:platinum_leggings":1,"minecraft:white_wool":4,"minecraft:mutton":4,"pixelmon:dynite_ore":1,"minecraft:blaze_powder":1,"minecraft:cobblestone":1446,"minecraft:oxeye_daisy":24,"pixelmon:fairy_gem":1,"minecraft:enchanting_table":4,"pixelmon:revive":7,"artifacts:eternal_steak":1,"artifacts:novelty_drinking_hat":1,"pixelmon:pokemail_grass":2,"minecraft:iron_door":1,"minecraft:andesite":3,"pamhc2crops:candleberryitem":1,"minecraft:leather":8,"pamhc2crops:barleyitem":4,"simpleshops:simple_shop":1,"pixelmon:mower":3,"pixelmon:poke_ball":19,"pixelmon:yellow_poke_bag":1,"minecraft:flint":16,"minecraft:oak_log":60,"pixelmon:raw_black_tumblestone":1,"pixelmon:sapphire_sword":2,"minecraft:magenta_bed":1,"pamhc2crops:flaxitem":2,"minecraft:cobblestone_stairs":1,"croptopia:blueberry_seed":1,"botanypots:hopper_botany_pot":2,"pixelmon:fairium_z":1,"minecraft:dirt":135,"pixelmon:amethyst_sword":1,"pixelmon:super_potion":5,"comforts:rope_and_nail":2,"pixelmon:lure_casing_strong":1,"minecraft:bone":4,"minecraft:apple":4,"croptopia:sweetpotato":1,"pixelmon:sun_stone":1,"minecraft:wheat_seeds":57,"minecraft:cobweb":2,"pixelmon:tr8_blank":1,"minecraft:iron_ingot":8,"minecraft:stone_pickaxe":3,"minecraft:dark_oak_sign":6,"minecraft:iron_ore":21,"minecraft:rabbit":4,"minecraft:glowstone_dust":5,"pixelmon:sapphire":3,"minecraft:stone_hoe":1,"minecraft:oak_planks":20,"pixelmon:yellow_apricorn":10,"pixelmon:raw_sky_tumblestone":1,"pamhc2crops:onionitem":3,"quark:light_gray_shard":2,"pixelmon:magenta_day_care":2,"quark:white_shard":2,"pixelmon:xs_exp_candy":1,"minecraft:dandelion":1,"minecraft:gravel":48,"minecraft:sand":6,"minecraft:spruce_sapling":1,"pixelmon:ultra_deep_sea_key":1,"pixelmon:water_stone":2,"pixelmon:moon_stone":2,"pixelmon:blue_apricorn":23,"minecraft:dark_prismarine":2,"croptopia:cherry":1,"pamhc2crops:huckleberryitem":1,"minecraft:stone_axe":1,"waystones:waystone":6,"pamhc2crops:strawberryitem":6,"croptopia:orange":1,"minecraft:painting":2,"minecraft:bone_meal":6,"pixelmon:secret_key":2,"minecraft:emerald":2,"minecraft:wheat":16,"minecraft:oak_sapling":6,"minecraft:coal":417,"minecraft:ender_pearl":3},"minecraft:crafted":{"minecraft:oak_planks":84,"minecraft:furnace":1,"minecraft:stone_pickaxe":8,"minecraft:crafting_table":11,"minecraft:wooden_pickaxe":1,"pixelmon:yellow_berry_wood_planks":24,"minecraft:stone_axe":1,"minecraft:stick":60,"minecraft:torch":20},"minecraft:dropped":{"pixelmon:sapphire":2,"minecraft:stone_hoe":2,"pixelmon:ruby":1,"pixelmon:covered_fossil_4":1,"minecraft:porkchop":12,"minecraft:wheat_seeds":25,"minecraft:diamond":1,"pixelmon:iron_hammer":1,"pixelmon:dragon_fang":1,"pamhc2crops:strawberryitem":3,"croptopia:orange":1,"minecraft:cobblestone":1257,"croptopia:sweetpotato":1,"pamhc2crops:elderberryitem":1,"minecraft:coal":3,"minecraft:spruce_stairs":1,"minecraft:cobweb":2,"minecraft:leather_helmet":1,"pamhc2crops:barleyitem":4,"minecraft:magenta_bed":1,"minecraft:flint":16,"minecraft:stick":9,"minecraft:cobblestone_stairs":1,"minecraft:oxeye_daisy":24,"minecraft:dirt":117,"pixelmon:raw_black_tumblestone":1,"quark:light_gray_shard":2,"pixelmon:pokemail_grass_closed":1,"pamhc2crops:wintersquashitem":1,"minecraft:diorite":2,"minecraft:mutton":4,"minecraft:melon_slice":29,"pixelmon:tr8_blank":1,"pamhc2crops:artichokeitem":1,"minecraft:bone_meal":9,"minecraft:string":1,"minecraft:white_wool":6,"pixelmon:sapphire_sword":2,"pixelmon:apricorn_log":3,"minecraft:dandelion":1,"minecraft:bone":8,"minecraft:gravel":48,"pixelmon:aluminium_ingot":1,"pixelmon:raw_sky_tumblestone":1,"minecraft:crimson_fungus":2,"minecraft:stone_axe":1,"minecraft:rotten_flesh":5,"minecraft:oak_planks":38,"pixelmon:pokemail_brick":2,"minecraft:iron_hoe":1,"quark:white_shard":2,"minecraft:blaze_powder":1,"pixelmon:s_exp_candy":2,"croptopia:cherry":1,"pamhc2crops:onionitem":2,"pamhc2crops:parsnipitem":1,"artifacts:everlasting_beef":2,"croptopia:blueberry_seed":1,"minecraft:cobblestone_slab":2,"minecraft:shield":1,"pamhc2crops:huckleberryitem":1,"pixelmon:pokemail_grass":1,"pixelmon:silver_ore":2,"pamhc2crops:flaxitem":1,"minecraft:iron_ore":2,"pixelmon:dynite_ore":2,"pixelmon:iapapa_berry":1,"pixelmon:sun_stone":1,"minecraft:sandstone":44,"minecraft:stone_pickaxe":3,"minecraft:beef":2,"pixelmon:yellow_berry_wood_planks":1,"pixelmon:poke_ball":3,"minecraft:brick":4,"pixelmon:revive":1},"minecraft:custom":{"lootr:looted_stat":47,"minecraft:interact_with_crafting_table":13,"minecraft:leave_game":6,"minecraft:time_since_death":16538,"minecraft:climb_one_cm":8361,"minecraft:sprint_one_cm":380626,"minecraft:walk_one_cm":576830,"minecraft:drop":181,"minecraft:deaths":3,"minecraft:sneak_time":1466,"minecraft:walk_under_water_one_cm":3062,"minecraft:interact_with_lectern":2,"minecraft:jump":3247,"minecraft:interact_with_brewingstand":1,"minecraft:walk_on_water_one_cm":14508,"minecraft:interact_with_furnace":1,"minecraft:interact_with_cartography_table":1,"minecraft:play_one_minute":412563,"minecraft:sleep_in_bed":3,"minecraft:time_since_rest":16568,"minecraft:waystone_activated":3,"minecraft:damage_taken":3797,"minecraft:trigger_trapped_chest":1,"minecraft:damage_dealt":25,"minecraft:swim_one_cm":1304,"minecraft:fly_one_cm":570506,"minecraft:crouch_one_cm":1335,"minecraft:fall_one_cm":117876,"minecraft:horse_one_cm":31454},"minecraft:broken":{"pixelmon:aluminium_pickaxe":1,"minecraft:wooden_pickaxe":1,"minecraft:stone_pickaxe":8,"minecraft:stone_axe":1},"minecraft:used":{"pixelmon:dark_oak_bench":12,"minecraft:jungle_leaves":24,"pamhc2crops:candleberryitem":1,"pixelmon:trash_can":4,"pamhc2crops:wintersquashitem":3,"pamhc2crops:tomatoitem":1,"pamhc2crops:sweetpotatoitem":2,"minecraft:torch":27,"minecraft:dirt":23,"croptopia:blueberry":1,"pixelmon:mower":1,"minecraft:jungle_sapling":6,"minecraft:iron_hoe":2,"pamhc2foodcore:baconcheeseburgeritem":5,"chipped:blackstone_13":27,"minecraft:grass_block":11,"chipped:diorite_2":3,"chipped:white_concrete_1":25,"artifacts:everlasting_beef":10,"minecraft:oak_sapling":1,"minecraft:furnace":1,"minecraft:cooked_mutton":2,"minecraft:wheat_seeds":3,"pixelmon:legendary_pokestop":1,"pixelmon:rare_pokestop":1,"minecraft:stone_pickaxe":1058,"minecraft:wooden_pickaxe":60,"artifacts:eternal_steak":8,"pamhc2crops:lettuceitem":2,"chipped:diorite_3":2,"pamhc2crops:spinachitem":2,"comforts:hammock_black":1,"chipped:blackstone_7":4,"minecraft:sand":6,"minecraft:crafting_table":17,"chipped:diorite_1":26,"minecraft:cod":2,"pamhc2crops:strawberryitem":3,"minecraft:painting":2,"waystones:waystone":2,"minecraft:dark_prismarine":2,"pixelmon:yellow_berry_wood_planks":8,"minecraft:apple":4,"minecraft:chicken":5,"chipped:blackstone_14":2,"pixelmon:aluminium_pickaxe":250,"minecraft:stone_axe":134,"comforts:rope_and_nail":4,"chipped:diorite_4":6,"minecraft:cobblestone":2,"minecraft:andesite":3,"pixelmon:common_pokestop":1,"pamhc2crops:cucumberitem":1,"minecraft:bone_meal":37,"cfm:stripped_dark_oak_park_bench":8}},"DataVersion":2586}