{"stats":{"minecraft:picked_up":{"pixelmon:charizardite_y":1,"pixelmon:salamencite":1,"pixelmon:blazikenite":1,"pixelmon:houndoominite":1,"pixelmon:latiasite":1,"pixelmon:garchompite":1,"pixelmon:charizardite_x":1,"pixelmon:abomasite":1,"pixelmon:heracronite":1,"pixelmon:gengarite":1,"pixelmon:sablenite":1,"pixelmon:gyaradosite":1,"pixelmon:audinite":1,"pixelmon:kangaskhanite":1,"pixelmon:aggronite":1,"pixelmon:ampharosite":1,"pixelmon:altarianite":1,"pixelmon:alakazite":1,"pixelmon:diancite":1,"minecraft:red_bed":2,"pixelmon:manectite":1,"pixelmon:latiosite":1,"pixelmon:glalitite":1,"pixelmon:beedrillite":1,"pixelmon:banettite":1,"pixelmon:blastoisinite":1,"pixelmon:gardevoirite":1,"pixelmon:cameruptite":1,"pixelmon:lucarionite":1,"pixelmon:absolite":1,"pixelmon:aerodactylite":1,"pixelmon:galladite":1,"pixelmon:ultra_forest_key":3,"pixelmon:lopunnite":1,"pixelmon:pidgeotite":1,"pixelmon:mewtwonite_x":1,"pixelmon:mewtwonite_y":1,"pixelmon:pinsirite":1},"minecraft:mined":{"minecraft:red_bed":2},"minecraft:used":{"minecraft:item_frame":1,"minecraft:anvil":1,"minecraft:red_bed":2,"minecraft:dark_oak_fence":1},"minecraft:custom":{"minecraft:time_since_rest":78301,"minecraft:sprint_one_cm":3379,"minecraft:walk_one_cm":37084,"minecraft:trigger_trapped_chest":1,"minecraft:interact_with_anvil":3,"minecraft:drop":39,"minecraft:fly_one_cm":194021,"minecraft:play_one_minute":78301,"minecraft:sneak_time":4,"minecraft:jump":60,"minecraft:interact_with_brewingstand":1,"minecraft:leave_game":6,"minecraft:time_since_death":78301,"minecraft:walk_on_water_one_cm":361,"minecraft:fall_one_cm":267},"minecraft:dropped":{"pixelmon:mewtwonite_x":1,"pixelmon:charizardite_y":1,"pixelmon:gyaradosite":1,"pixelmon:alakazite":1,"pixelmon:houndoominite":1,"pixelmon:mewtwonite_y":1,"pixelmon:charizardite_x":1,"pixelmon:pidgeotite":1,"pixelmon:blazikenite":1,"pixelmon:abomasite":1,"pixelmon:diancite":1,"pixelmon:salamencite":1,"pixelmon:latiasite":1,"pixelmon:audinite":1,"pixelmon:lucarionite":1,"pixelmon:cameruptite":1,"pixelmon:ampharosite":1,"pixelmon:latiosite":1,"pixelmon:absolite":1,"pixelmon:lopunnite":1,"pixelmon:pinsirite":1,"pixelmon:altarianite":1,"pixelmon:beedrillite":1,"pixelmon:manectite":1,"pixelmon:galladite":1,"pixelmon:ultra_forest_key":3,"pixelmon:banettite":1,"pixelmon:blastoisinite":1,"pixelmon:garchompite":1,"pixelmon:aerodactylite":1,"pixelmon:kangaskhanite":1,"pixelmon:sablenite":1,"pixelmon:gengarite":1,"pixelmon:heracronite":1,"pixelmon:aggronite":1,"pixelmon:glalitite":1,"pixelmon:gardevoirite":1}},"DataVersion":2586}