{"stats":{"minecraft:mined":{"croptopia:bellpepper_crop":1,"minecraft:nether_gold_ore":1,"minecraft:crying_obsidian":1,"minecraft:diamond_ore":13,"pixelmon:dawn_stone_ore":1,"pixelmon:relic_crown":1,"minecraft:mossy_cobblestone":2,"minecraft:nether_brick_wall":2,"minecraft:cobblestone_stairs":3,"minecraft:jungle_leaves":2,"minecraft:obsidian":36,"minecraft:nether_bricks":1,"minecraft:granite":77,"minecraft:grass_block":72,"minecraft:spawner":2,"minecraft:magma_block":33,"minecraft:mossy_cobblestone_slab":1,"minecraft:furnace":4,"minecraft:mossy_cobblestone_stairs":1,"minecraft:iron_ore":16,"minecraft:fire":69,"quark:smooth_basalt":4,"minecraft:azure_bluet":1,"minecraft:enchanting_table":1,"minecraft:bookshelf":1,"pixelmon:silver_ore":2,"minecraft:stone":476,"pixelmon:amethyst_ore":1,"minecraft:soul_sand":2,"minecraft:blackstone":377,"quark:oak_chest":2,"minecraft:basalt":181,"minecraft:stone_brick_slab":2,"minecraft:oak_fence":1,"minecraft:crafting_table":4,"minecraft:nether_quartz_ore":6,"minecraft:tall_grass":1,"minecraft:cobblestone":8,"pamhc2crops:shadedgarden":1,"minecraft:oak_planks":2,"minecraft:spruce_log":2,"minecraft:birch_leaves":1,"minecraft:grass_path":1,"quark:deepslate":336,"minecraft:grass":11,"minecraft:coal_ore":12,"minecraft:oak_log":79,"pixelmon:apricorn_log":1,"minecraft:lime_terracotta":5,"minecraft:gravel":218,"minecraft:dirt":148,"minecraft:lodestone":3,"minecraft:sandstone_wall":1,"minecraft:ancient_debris":2,"minecraft:netherrack":4389,"minecraft:gold_ore":18,"minecraft:mossy_stone_bricks":1,"minecraft:oak_leaves":103,"minecraft:fern":2,"minecraft:infested_stone":2},"minecraft:crafted":{"minecraft:oak_planks":106,"minecraft:diamond_hoe":1,"minecraft:furnace":1,"minecraft:diamond_shovel":1,"minecraft:flint_and_steel":1,"minecraft:stone_pickaxe":5,"refinedstorage:silicon":1,"minecraft:netherite_scrap":2,"sophisticatedbackpacks:backpack":1,"minecraft:diamond_axe":1,"minecraft:crafting_table":7,"minecraft:spruce_planks":4,"minecraft:enchanting_table":1,"minecraft:wooden_pickaxe":1,"pixelmon:yellow_berry_wood_planks":4,"minecraft:stone_axe":1,"minecraft:air":0,"minecraft:diamond_pickaxe":3,"minecraft:stick":48,"quark:oak_chest":3,"minecraft:iron_ingot":13,"minecraft:iron_pickaxe":5,"minecraft:gold_ingot":7},"minecraft:broken":{"minecraft:wooden_pickaxe":1,"minecraft:stone_pickaxe":4,"minecraft:diamond_pickaxe":3,"minecraft:iron_pickaxe":4},"minecraft:dropped":{"minecraft:stone_hoe":2,"minecraft:wheat_seeds":9,"minecraft:oak_log":2,"minecraft:golden_axe":3,"minecraft:cobblestone":392,"minecraft:book":2,"minecraft:leather":2,"minecraft:apple":19,"minecraft:granite":24,"pixelmon:sitrus_berry":1,"minecraft:nether_brick_wall":2,"pamhc2crops:barleyitem":4,"minecraft:flint":2,"minecraft:stick":4,"minecraft:cobblestone_stairs":3,"pamhc2crops:juteitem":1,"minecraft:cobweb":1,"minecraft:dirt":259,"pixelmon:pokemail_grass_closed":1,"pamhc2foodcore:baconcheeseburgeritem":1,"minecraft:golden_hoe":2,"minecraft:string":1,"minecraft:white_wool":4,"minecraft:chiseled_sandstone":1,"minecraft:stone_brick_slab":1,"minecraft:armor_stand":2,"minecraft:bone":2,"majruszs_accessories:lucky_rock":2,"minecraft:gravel":50,"minecraft:blackstone":386,"minecraft:ancient_debris":2,"pixelmon:burn_heal":4,"minecraft:oak_planks":17,"tcg:card":14,"pixelmon:fire_gem":3,"pixelmon:s_exp_candy":3,"minecraft:golden_shovel":1,"minecraft:nether_bricks":1,"croptopia:bellpepper_seed":2,"quark:smooth_basalt":2,"minecraft:oak_sapling":5,"pamhc2crops:flaxitem":2,"minecraft:basalt":71,"minecraft:stone_pickaxe":1,"minecraft:ghast_tear":2,"minecraft:magma_block":33,"minecraft:netherrack":3062,"minecraft:enchanting_table":1,"pixelmon:revive":1},"minecraft:custom":{"lootr:looted_stat":36,"minecraft:interact_with_anvil":2,"minecraft:interact_with_crafting_table":23,"minecraft:leave_game":18,"minecraft:time_since_death":217058,"minecraft:climb_one_cm":1312,"minecraft:sprint_one_cm":583886,"minecraft:walk_one_cm":559377,"minecraft:drop":160,"minecraft:deaths":2,"minecraft:sneak_time":5777,"minecraft:walk_under_water_one_cm":1837,"minecraft:jump":3569,"minecraft:walk_on_water_one_cm":18160,"minecraft:interact_with_furnace":13,"minecraft:play_one_minute":301022,"minecraft:time_since_rest":217446,"minecraft:waystone_activated":1,"minecraft:damage_taken":2169,"minecraft:damage_dealt":49,"minecraft:swim_one_cm":1957,"minecraft:fly_one_cm":605331,"minecraft:open_chest":33,"minecraft:crouch_one_cm":11515,"minecraft:fall_one_cm":117143,"minecraft:horse_one_cm":594588},"minecraft:used":{"minecraft:enchanting_table":1,"quark:cobbled_deepslate":5,"minecraft:flint_and_steel":3,"pamhc2crops:artichokeitem":2,"minecraft:netherrack":36,"minecraft:dirt":8,"minecraft:carrot":9,"minecraft:granite":42,"minecraft:obsidian":32,"pamhc2foodcore:baconcheeseburgeritem":3,"pamhc2crops:onionitem":2,"minecraft:basalt":72,"minecraft:furnace":4,"minecraft:cooked_mutton":1,"minecraft:lodestone":1,"minecraft:stone_pickaxe":532,"minecraft:oak_planks":19,"minecraft:wooden_pickaxe":59,"pamhc2crops:elderberryitem":2,"minecraft:diamond_axe":172,"pamhc2crops:lettuceitem":1,"minecraft:gold_ore":4,"minecraft:white_wool":4,"minecraft:golden_apple":1,"minecraft:lime_terracotta":4,"minecraft:crafting_table":11,"pamhc2crops:strawberryitem":1,"croptopia:sweetpotato":1,"croptopia:orange":1,"minecraft:diamond_pickaxe":4725,"minecraft:apple":26,"minecraft:bread":18,"minecraft:melon_slice":25,"minecraft:iron_pickaxe":1007,"minecraft:stone_axe":3,"minecraft:cobblestone":1,"croptopia:bellpepper":1,"quark:oak_chest":4},"minecraft:picked_up":{"pamhc2crops:wintersquashitem":2,"minecraft:crafting_table":4,"pixelmon:mint_rash":2,"pamhc2crops:elderberryitem":1,"pixelmon:toxic_plate":1,"pamhc2crops:cucumberitem":3,"pamhc2foodcore:baconcheeseburgeritem":17,"minecraft:golden_shovel":2,"minecraft:enchanted_book":1,"pixelmon:dawn_stone_boots":1,"pamhc2crops:parsnipitem":2,"minecraft:string":1,"minecraft:armor_stand":2,"croptopia:bellpepper_seed":2,"minecraft:blackstone":389,"pixelmon:xl_exp_candy":1,"pixelmon:grepa_berry":4,"minecraft:iron_pickaxe":1,"minecraft:melon_slice":29,"minecraft:furnace":4,"minecraft:stick":22,"pixelmon:burn_heal":4,"pixelmon:s_exp_candy":2,"minecraft:golden_axe":2,"pixelmon:apricorn_log":1,"pixelmon:l_exp_candy":1,"supplementaries:key":1,"minecraft:carrot":10,"majruszs_accessories:secret_ingredient":1,"pixelmon:sitrus_berry":1,"minecraft:rotten_flesh":2,"minecraft:golden_hoe":1,"quark:smooth_basalt":4,"minecraft:nether_bricks":1,"pixelmon:lure_casing_weak":2,"pixelmon:full_restore":1,"pixelmon:fire_gem":1,"pixelmon:relic_crown":1,"pixelmon:ruby":2,"pamhc2crops:lettuceitem":2,"minecraft:saddle":2,"pamhc2crops:artichokeitem":1,"minecraft:white_wool":9,"pixelmon:dynite_ore":1,"minecraft:obsidian":36,"minecraft:nether_brick_wall":2,"minecraft:blaze_powder":1,"minecraft:cobblestone":499,"minecraft:enchanting_table":2,"minecraft:magma_block":33,"pixelmon:revive":7,"minecraft:basalt":154,"pixelmon:charizardite_x":1,"pixelmon:whitebadgecase":2,"minecraft:salmon":2,"pamhc2crops:barleyitem":12,"minecraft:leather":14,"pixelmon:pokemail_grass_closed":2,"pixelmon:hyper_potion":1,"majruszs_accessories:lucky_rock":3,"pixelmon:poke_ball":53,"minecraft:flint":10,"minecraft:oak_log":132,"minecraft:ancient_debris":4,"pamhc2crops:juteitem":1,"pixelmon:dragon_fang":1,"pamhc2crops:flaxitem":6,"minecraft:cobblestone_stairs":3,"botanypots:hopper_botany_pot":1,"minecraft:dirt":275,"pixelmon:white_poke_bag":2,"minecraft:cooked_mutton":2,"pixelmon:lure_casing_strong":4,"minecraft:bone":2,"minecraft:apple":20,"croptopia:sweetpotato":1,"minecraft:wheat_seeds":15,"tcg:card":3,"pixelmon:potion":14,"croptopia:bellpepper":1,"minecraft:iron_ingot":10,"minecraft:cobweb":2,"minecraft:iron_ore":15,"pixelmon:neo_plasma_legs":1,"artifacts:steadfast_spikes":3,"pixelmon:sapphire":4,"minecraft:stone_hoe":1,"minecraft:oak_planks":26,"tcg:pack":1,"minecraft:book":5,"pamhc2crops:onionitem":2,"minecraft:ghast_tear":2,"pixelmon:xs_exp_candy":1,"minecraft:stone_brick_slab":1,"minecraft:lime_terracotta":4,"minecraft:quartz":5,"minecraft:dandelion":2,"minecraft:gravel":50,"minecraft:spruce_log":1,"minecraft:gold_ore":32,"minecraft:crying_obsidian":1,"quark:oak_chest":2,"minecraft:chiseled_sandstone":1,"quark:cobbled_deepslate":79,"minecraft:diamond_shovel":2,"pixelmon:rocket_plate":1,"minecraft:diamond":16,"pamhc2crops:strawberryitem":3,"croptopia:orange":2,"minecraft:granite":100,"minecraft:golden_apple":1,"pixelmon:black_belt":2,"pixelmon:secret_key":1,"minecraft:emerald":5,"minecraft:lodestone":4,"minecraft:oak_sapling":9,"minecraft:netherrack":2994,"minecraft:coal":79}},"DataVersion":2586}