{"stats":{"minecraft:mined":{"minecraft:crafting_table":1,"minecraft:grass":7,"minecraft:oak_log":5,"minecraft:grass_block":4,"minecraft:coal_ore":8,"minecraft:dirt":4,"minecraft:tall_grass":1,"minecraft:stone":23,"minecraft:fern":1},"minecraft:crafted":{"minecraft:oak_planks":20,"minecraft:crafting_table":3,"minecraft:stick":8,"minecraft:stone_pickaxe":1,"minecraft:wooden_pickaxe":1,"minecraft:furnace":1,"minecraft:stone_axe":1},"minecraft:dropped":{"minecraft:dirt":2,"pamhc2crops:strawberryitem":1,"minecraft:rotten_flesh":1,"minecraft:oak_planks":1,"minecraft:saddle":1},"minecraft:custom":{"minecraft:time_since_rest":44495,"lootr:looted_stat":2,"minecraft:sprint_one_cm":43743,"minecraft:damage_taken":30,"minecraft:walk_one_cm":35469,"minecraft:drop":5,"minecraft:damage_dealt":20,"minecraft:interact_with_crafting_table":3,"minecraft:fly_one_cm":57217,"minecraft:crouch_one_cm":310,"minecraft:play_one_minute":44495,"minecraft:sneak_time":188,"minecraft:walk_under_water_one_cm":83,"minecraft:jump":261,"minecraft:leave_game":1,"minecraft:time_since_death":44495,"minecraft:walk_on_water_one_cm":3044,"minecraft:fall_one_cm":5958},"minecraft:used":{"minecraft:stone_pickaxe":17,"minecraft:wooden_pickaxe":14,"pixelmon:chilan_berry":1,"minecraft:dirt":6,"minecraft:crafting_table":3},"minecraft:picked_up":{"minecraft:crafting_table":1,"pixelmon:revive":2,"minecraft:salmon":2,"pixelmon:pokemail_grass_closed":1,"pamhc2foodcore:baconcheeseburgeritem":13,"minecraft:oak_log":5,"pamhc2crops:parsnipitem":1,"minecraft:dirt":8,"pamhc2crops:strawberryitem":1,"minecraft:saddle":1,"minecraft:coal":8,"minecraft:cobblestone":19}},"DataVersion":2586}